comuna,ica,fecha,id
comuna 16,47,2024-06-25,46222
comuna 1,12,2024-07-31,15310
comuna 1,90,2024-06-25,28415
comuna 2,44,2024-06-23,39039
comuna 1,17,2024-06-23,48991
comuna 11,88,2024-06-25,6855
comuna 2,91,2024-06-23,32319
comuna 9,67,2024-07-31,8382
comuna 9,54,2024-01-30,407
comuna 13,21,2024-06-23,1159
comuna 10,22,2024-06-25,4326
comuna 12,16,2024-07-31,41905
comuna 10,69,2024-06-23,38998
comuna 3comuna 4,52,2024-07-31,30945
comuna 16,22,2024-01-30,16076
comuna 15,27,2024-06-25,27989
comuna 13,85,2024-01-30,4357
comuna 3comuna 4,22,2024-07-31,11942
comuna 11,48,2024-06-23,31690
comuna 2,33,2024-07-31,11512
comuna 11,19,2024-06-23,35912
comuna 15,89,2024-06-23,12421
comuna 16,55,2024-07-31,19052
comuna 3comuna 4,11,2024-06-23,17695
comuna 3comuna 4,94,2024-01-30,38079
comuna 15,91,2024-01-30,23120
comuna 1,98,2024-01-30,36152
comuna 10,21,2024-06-25,27604
comuna 3comuna 4,29,2024-06-25,20608
comuna 15,74,2024-06-23,10300
comuna 9,87,2024-01-30,48416
comuna 8,17,2024-01-30,6233
comuna 6,40,2024-01-30,40152
comuna 12,66,2024-07-31,48502
comuna 12,30,2024-06-25,18365
comuna 2,35,2024-06-25,18793
comuna 10,88,2024-06-23,45531
comuna 5,51,2024-01-30,35628
comuna 11,80,2024-07-31,23186
comuna 8,30,2024-07-31,6556
comuna 3comuna 4,77,2024-07-31,5295
comuna 1,20,2024-07-31,4012
comuna 6,70,2024-01-30,14936
comuna 6,17,2024-06-23,5732
comuna 14,45,2024-06-23,25491
comuna 5,23,2024-06-23,6034
comuna 14,81,2024-06-23,10565
comuna 9,74,2024-06-25,4697
comuna 15,55,2024-06-25,4767
comuna 9,65,2024-06-23,29732
comuna 3comuna 4,38,2024-06-23,43992
comuna 8,31,2024-06-23,4419
comuna 6,63,2024-07-31,9311
comuna 9,64,2024-06-25,28121
comuna 8,37,2024-01-30,8478
comuna 15,40,2024-07-31,43712
comuna 11,87,2024-07-31,40767
comuna 9,59,2024-06-23,48097
comuna 16,76,2024-06-25,30208
comuna 2,61,2024-06-23,23153
comuna 15,48,2024-01-30,7221
comuna 5,63,2024-01-30,2048
comuna 13,57,2024-07-31,19560
comuna 12,98,2024-01-30,13386
comuna 1,23,2024-07-31,269
comuna 3comuna 4,54,2024-01-30,23972
comuna 14,83,2024-07-31,33633
comuna 14,99,2024-06-25,33803
comuna 2,44,2024-07-31,38912
comuna 5,86,2024-07-31,13425
comuna 7,55,2024-06-25,47504
comuna 16,38,2024-07-31,40364
comuna 3comuna 4,79,2024-07-31,30499
comuna 16,47,2024-06-25,41019
comuna 13,59,2024-06-23,14247
comuna 10,29,2024-06-23,16103
comuna 10,94,2024-01-30,23691
comuna 6,67,2024-07-31,43370
comuna 16,47,2024-07-31,2611
comuna 3comuna 4,67,2024-06-25,5229
comuna 11,20,2024-07-31,1190
comuna 7,52,2024-06-23,20942
comuna 7,39,2024-06-23,38510
comuna 15,63,2024-06-23,5272
comuna 6,28,2024-06-25,33965
comuna 2,62,2024-07-31,14706
comuna 15,97,2024-06-25,35821
comuna 16,79,2024-07-31,4608
comuna 14,42,2024-07-31,12080
comuna 16,75,2024-06-23,32347
comuna 14,92,2024-06-25,41497
comuna 8,45,2024-06-23,11945
comuna 10,100,2024-01-30,37266
comuna 2,71,2024-06-25,5075
comuna 14,80,2024-01-30,49753
comuna 13,27,2024-06-25,47434
comuna 8,19,2024-06-25,6788
comuna 11,94,2024-06-25,3709
comuna 13,13,2024-06-25,5696
comuna 11,42,2024-07-31,36292
comuna 2,46,2024-01-30,15498
comuna 14,67,2024-06-25,42673
comuna 15,33,2024-01-30,27999
comuna 10,10,2024-07-31,1199
comuna 10,19,2024-07-31,11918
comuna 15,53,2024-06-25,8334
comuna 3comuna 4,50,2024-01-30,37768
comuna 2,46,2024-06-23,13967
comuna 14,84,2024-07-31,11369
comuna 7,74,2024-01-30,19398
comuna 12,92,2024-06-23,37028
comuna 1,35,2024-01-30,4572
comuna 2,29,2024-07-31,31941
comuna 7,59,2024-06-25,23389
comuna 3comuna 4,85,2024-07-31,45251
comuna 3comuna 4,83,2024-06-25,44170
comuna 3comuna 4,50,2024-06-25,37448
comuna 13,89,2024-07-31,44588
comuna 10,10,2024-06-25,28301
comuna 14,90,2024-01-30,2905
comuna 9,63,2024-01-30,43981
comuna 13,23,2024-06-25,43421
comuna 10,85,2024-06-23,28908
comuna 12,18,2024-06-23,2457
comuna 11,11,2024-01-30,259
comuna 13,94,2024-06-25,33175
comuna 14,22,2024-07-31,24264
comuna 11,89,2024-06-25,33433
comuna 7,79,2024-06-25,22267
comuna 2,17,2024-06-25,32694
comuna 3comuna 4,70,2024-06-23,47613
comuna 11,79,2024-06-23,41028
comuna 11,73,2024-06-23,38731
comuna 12,57,2024-06-23,2292
comuna 9,18,2024-07-31,35850
comuna 1,79,2024-06-23,42448
comuna 16,46,2024-06-25,30043
comuna 3comuna 4,80,2024-06-25,24291
comuna 6,59,2024-06-23,39898
comuna 8,67,2024-01-30,19902
comuna 5,20,2024-07-31,32596
comuna 1,77,2024-06-25,12658
comuna 15,21,2024-07-31,13889
comuna 5,34,2024-06-23,21334
comuna 12,32,2024-07-31,23694
comuna 14,82,2024-06-25,7601
comuna 2,67,2024-01-30,22164
comuna 13,54,2024-06-23,13754
comuna 3comuna 4,86,2024-06-25,30339
comuna 6,40,2024-01-30,33421
comuna 2,85,2024-07-31,31474
comuna 8,56,2024-06-25,27183
comuna 9,49,2024-06-23,11753
comuna 12,53,2024-01-30,8740
comuna 15,20,2024-06-25,46651
comuna 3comuna 4,98,2024-06-25,3498
comuna 16,17,2024-01-30,16496
comuna 7,75,2024-01-30,21261
comuna 8,75,2024-06-23,13134
comuna 14,30,2024-07-31,23116
comuna 11,12,2024-07-31,36294
comuna 15,63,2024-06-25,48720
comuna 12,89,2024-07-31,28627
comuna 16,46,2024-01-30,17582
comuna 8,31,2024-01-30,48260
comuna 9,64,2024-07-31,7596
comuna 11,34,2024-06-25,2443
comuna 2,90,2024-06-23,47598
comuna 13,12,2024-06-23,3339
comuna 16,17,2024-07-31,26374
comuna 14,96,2024-07-31,24510
comuna 13,31,2024-06-23,71
comuna 11,43,2024-07-31,11153
comuna 2,99,2024-06-23,40121
comuna 16,66,2024-06-23,16741
comuna 7,42,2024-06-25,16958
comuna 6,38,2024-06-25,4901
comuna 11,75,2024-06-23,6773
comuna 6,79,2024-01-30,32409
comuna 16,77,2024-06-25,35079
comuna 12,20,2024-06-25,5146
comuna 8,91,2024-06-25,37750
comuna 11,78,2024-01-30,26164
comuna 11,100,2024-01-30,43731
comuna 3comuna 4,22,2024-01-30,27263
comuna 15,95,2024-06-25,2471
comuna 15,79,2024-01-30,2391
comuna 10,75,2024-07-31,35200
comuna 14,18,2024-06-23,32416
comuna 13,69,2024-07-31,39052
comuna 3comuna 4,64,2024-01-30,7891
comuna 2,13,2024-07-31,23054
comuna 15,94,2024-07-31,31758
comuna 12,99,2024-06-25,40449
comuna 5,96,2024-06-25,11297
comuna 6,87,2024-01-30,46793
comuna 10,31,2024-01-30,26381
comuna 16,93,2024-07-31,25118
comuna 2,99,2024-06-25,3579
comuna 3comuna 4,67,2024-06-23,28835
comuna 14,34,2024-01-30,2973
comuna 6,25,2024-01-30,8636
comuna 16,82,2024-01-30,42113
comuna 3comuna 4,25,2024-07-31,43416
comuna 11,60,2024-07-31,7134
comuna 7,89,2024-01-30,33009
comuna 10,82,2024-06-25,15093
comuna 15,48,2024-06-23,2065
comuna 14,50,2024-01-30,13533
comuna 10,79,2024-06-25,40451
comuna 2,84,2024-06-25,35754
comuna 7,72,2024-06-23,885
comuna 7,22,2024-01-30,43814
comuna 2,84,2024-01-30,1327
comuna 5,67,2024-07-31,49428
comuna 11,62,2024-01-30,26137
comuna 8,65,2024-07-31,3401
comuna 13,53,2024-06-25,11546
comuna 13,92,2024-07-31,4324
comuna 8,98,2024-01-30,3088
comuna 14,13,2024-06-23,34179
comuna 1,66,2024-07-31,8013
comuna 11,66,2024-01-30,28096
comuna 5,91,2024-01-30,38799
comuna 11,63,2024-07-31,49541
comuna 14,79,2024-06-23,9071
comuna 7,27,2024-06-25,15666
comuna 8,11,2024-07-31,36708
comuna 1,44,2024-01-30,49360
comuna 8,27,2024-06-23,43750
comuna 12,54,2024-06-25,5422
comuna 14,18,2024-06-25,14175
comuna 14,27,2024-06-23,29450
comuna 8,46,2024-01-30,15724
comuna 9,25,2024-07-31,8840
comuna 8,23,2024-06-25,21125
comuna 1,88,2024-06-23,30445
comuna 9,40,2024-06-25,43775
comuna 6,41,2024-01-30,6325
comuna 12,91,2024-06-25,46599
comuna 1,32,2024-06-23,25797
comuna 1,95,2024-07-31,21901
comuna 8,65,2024-06-25,12580
comuna 14,70,2024-01-30,22270
comuna 14,57,2024-07-31,35067
comuna 8,21,2024-06-25,37327
comuna 8,86,2024-06-25,27984
comuna 8,60,2024-06-23,41775
comuna 5,70,2024-06-25,39566
comuna 5,74,2024-06-23,14828
comuna 7,31,2024-06-25,18291
comuna 2,70,2024-06-25,3199
comuna 11,13,2024-01-30,42914
comuna 13,21,2024-06-23,3635
comuna 12,15,2024-06-23,27467
comuna 13,57,2024-07-31,604
comuna 5,55,2024-07-31,2708
comuna 11,47,2024-01-30,36823
comuna 13,21,2024-07-31,722
comuna 5,91,2024-06-23,29368
comuna 8,36,2024-06-25,15987
comuna 14,33,2024-01-30,39623
comuna 8,100,2024-06-23,32862
comuna 1,70,2024-01-30,45728
comuna 10,44,2024-07-31,14866
comuna 3comuna 4,97,2024-06-25,63
comuna 8,80,2024-06-23,39716
comuna 7,28,2024-07-31,49031
comuna 5,52,2024-01-30,48515
comuna 3comuna 4,72,2024-06-25,27179
comuna 9,86,2024-01-30,23064
comuna 1,57,2024-01-30,39134
comuna 2,17,2024-06-23,1087
comuna 1,81,2024-01-30,44585
comuna 11,80,2024-07-31,6750
comuna 15,92,2024-06-23,44271
comuna 15,85,2024-01-30,40654
comuna 6,51,2024-06-25,1473
comuna 14,74,2024-07-31,44413
comuna 16,37,2024-06-23,22589
comuna 10,13,2024-07-31,7289
comuna 13,10,2024-01-30,27422
comuna 16,67,2024-01-30,6410
comuna 8,53,2024-06-25,40256
comuna 9,84,2024-01-30,34064
comuna 1,10,2024-07-31,14294
comuna 11,41,2024-06-23,4459
comuna 16,15,2024-01-30,37943
comuna 6,75,2024-06-23,20730
comuna 6,19,2024-06-25,45027
comuna 15,43,2024-06-25,3678
comuna 8,94,2024-07-31,296
comuna 3comuna 4,45,2024-07-31,21020
comuna 1,89,2024-01-30,24702
comuna 6,36,2024-07-31,24660
comuna 15,21,2024-06-25,11717
comuna 8,56,2024-01-30,49374
comuna 12,75,2024-06-23,46379
comuna 10,43,2024-07-31,33615
comuna 16,32,2024-01-30,26911
comuna 3comuna 4,86,2024-01-30,31517
comuna 12,70,2024-06-23,44900
comuna 5,67,2024-07-31,18743
comuna 9,66,2024-06-25,17435
comuna 16,80,2024-06-23,875
comuna 16,42,2024-01-30,14861
comuna 3comuna 4,28,2024-06-25,36492
comuna 13,13,2024-01-30,17747
comuna 1,73,2024-07-31,41662
comuna 3comuna 4,38,2024-06-23,22493
comuna 12,42,2024-01-30,46830
comuna 1,64,2024-06-23,1148
comuna 8,22,2024-06-25,23970
comuna 9,20,2024-07-31,30385
comuna 1,22,2024-06-25,41555
comuna 10,85,2024-07-31,31421
comuna 13,76,2024-06-25,29809
comuna 13,89,2024-06-23,41901
comuna 9,80,2024-06-25,11629
comuna 11,49,2024-01-30,20971
comuna 2,96,2024-06-25,16005
comuna 8,27,2024-06-23,12024
comuna 10,33,2024-07-31,8533
comuna 15,14,2024-07-31,30607
comuna 13,34,2024-07-31,20801
comuna 15,20,2024-06-25,24053
comuna 13,20,2024-06-23,18796
comuna 12,18,2024-06-23,48970
comuna 12,43,2024-07-31,40593
comuna 5,66,2024-01-30,47475
comuna 1,51,2024-01-30,36985
comuna 8,84,2024-01-30,44730
comuna 9,33,2024-07-31,45266
comuna 12,45,2024-01-30,27235
comuna 2,17,2024-01-30,19025
comuna 5,78,2024-06-23,42905
comuna 8,63,2024-07-31,42621
comuna 5,61,2024-06-25,37817
comuna 15,87,2024-06-23,9017
comuna 8,69,2024-07-31,23162
comuna 3comuna 4,39,2024-07-31,31722
comuna 9,36,2024-07-31,19007
comuna 14,22,2024-06-23,48903
comuna 16,68,2024-06-23,38284
comuna 14,30,2024-06-25,12432
comuna 9,15,2024-01-30,25359
comuna 11,33,2024-07-31,22327
comuna 8,31,2024-06-25,29146
comuna 16,72,2024-06-23,19439
comuna 16,51,2024-06-25,40598
comuna 1,68,2024-01-30,27581
comuna 12,18,2024-01-30,26713
comuna 16,56,2024-06-23,3706
comuna 6,70,2024-07-31,25381
comuna 16,44,2024-01-30,2658
comuna 3comuna 4,36,2024-07-31,1355
comuna 12,87,2024-06-25,39570
comuna 2,57,2024-07-31,34147
comuna 16,34,2024-07-31,47211
comuna 14,79,2024-07-31,44991
comuna 11,34,2024-06-23,21943
comuna 13,57,2024-06-23,20649
comuna 11,62,2024-06-25,26225
comuna 15,96,2024-07-31,19851
comuna 12,100,2024-07-31,3938
comuna 14,19,2024-06-23,15156
comuna 12,22,2024-06-23,9236
comuna 8,79,2024-07-31,679
comuna 2,55,2024-07-31,38532
comuna 3comuna 4,85,2024-06-25,33346
comuna 9,87,2024-07-31,24731
comuna 6,58,2024-06-23,49543
comuna 6,21,2024-06-23,40076
comuna 9,70,2024-01-30,18347
comuna 2,66,2024-07-31,39001
comuna 7,62,2024-01-30,4231
comuna 11,22,2024-06-23,18579
comuna 9,35,2024-06-25,48569
comuna 13,25,2024-06-23,48826
comuna 3comuna 4,62,2024-06-25,20132
comuna 2,43,2024-07-31,10309
comuna 9,32,2024-06-25,35557
comuna 6,92,2024-01-30,29094
comuna 10,65,2024-01-30,21541
comuna 13,25,2024-06-25,25279
comuna 14,15,2024-07-31,15179
comuna 16,81,2024-01-30,9194
comuna 5,46,2024-06-25,44097
comuna 2,16,2024-01-30,16630
comuna 15,96,2024-06-23,967
comuna 12,57,2024-01-30,43389
comuna 14,67,2024-06-23,25318
comuna 11,64,2024-07-31,14144
comuna 16,41,2024-06-23,12203
comuna 7,86,2024-06-23,38028
comuna 2,92,2024-06-25,27133
comuna 16,31,2024-07-31,4462
comuna 13,91,2024-06-25,30020
comuna 10,69,2024-06-23,17718
comuna 11,41,2024-01-30,12998
comuna 16,37,2024-07-31,46797
comuna 12,50,2024-07-31,394
comuna 11,21,2024-01-30,2746
comuna 16,41,2024-06-23,39385
comuna 1,100,2024-06-23,24036
comuna 14,10,2024-07-31,15026
comuna 15,29,2024-01-30,20377
comuna 5,38,2024-06-23,8847
comuna 9,58,2024-06-23,38103
comuna 5,60,2024-07-31,29030
comuna 10,20,2024-06-23,18652
comuna 12,28,2024-01-30,25171
comuna 6,81,2024-06-23,5020
comuna 15,40,2024-06-25,40901
comuna 15,87,2024-06-25,36377
comuna 8,48,2024-06-23,7397
comuna 11,17,2024-07-31,16044
comuna 1,60,2024-06-23,27995
comuna 11,95,2024-01-30,36677
comuna 1,24,2024-07-31,1702
comuna 12,79,2024-06-23,35532
comuna 7,33,2024-06-23,46044
comuna 11,72,2024-06-25,16840
comuna 2,73,2024-06-23,30583
comuna 13,59,2024-06-23,18438
comuna 2,70,2024-01-30,41422
comuna 2,13,2024-01-30,38058
comuna 9,26,2024-06-25,32151
comuna 6,31,2024-06-23,28634
comuna 6,75,2024-01-30,32289
comuna 11,100,2024-06-25,12356
comuna 3comuna 4,20,2024-06-25,26158
comuna 15,63,2024-07-31,37234
comuna 5,46,2024-01-30,30603
comuna 14,21,2024-06-25,8926
comuna 2,46,2024-06-25,32481
comuna 16,19,2024-07-31,32212
comuna 3comuna 4,49,2024-06-23,14785
comuna 11,86,2024-06-25,47308
comuna 11,51,2024-01-30,17291
comuna 7,23,2024-06-23,35895
comuna 7,90,2024-06-25,23916
comuna 2,15,2024-06-25,2307
comuna 15,23,2024-01-30,31941
comuna 3comuna 4,75,2024-01-30,27006
comuna 2,51,2024-07-31,39776
comuna 2,18,2024-06-25,19826
comuna 15,42,2024-06-25,34383
comuna 14,41,2024-07-31,34546
comuna 12,96,2024-06-25,45561
comuna 16,92,2024-01-30,31655
comuna 2,77,2024-06-25,1976
comuna 15,18,2024-06-23,6717
comuna 8,25,2024-06-25,8116
comuna 13,49,2024-06-25,34349
comuna 16,33,2024-06-23,23062
comuna 15,24,2024-07-31,5465
comuna 9,36,2024-07-31,4155
comuna 11,90,2024-06-25,38493
comuna 6,93,2024-01-30,721
comuna 2,65,2024-06-23,15161
comuna 2,54,2024-06-25,39795
comuna 5,39,2024-01-30,1047
comuna 5,39,2024-01-30,39816
comuna 1,29,2024-06-25,23907
comuna 14,31,2024-01-30,9214
comuna 11,58,2024-07-31,18718
comuna 5,50,2024-06-23,41746
comuna 8,77,2024-07-31,1555
comuna 9,66,2024-07-31,15565
comuna 13,82,2024-07-31,15691
comuna 12,13,2024-06-23,29982
comuna 1,59,2024-06-23,42974
comuna 12,40,2024-07-31,5566
comuna 7,29,2024-06-25,24332
comuna 7,79,2024-07-31,30275
comuna 16,95,2024-06-23,46834
comuna 5,89,2024-07-31,28318
comuna 1,29,2024-06-25,31847
comuna 15,99,2024-07-31,32726
comuna 8,37,2024-01-30,43965
comuna 1,84,2024-06-25,16846
comuna 12,95,2024-07-31,12917
comuna 13,71,2024-06-25,49743
comuna 16,19,2024-07-31,44797
comuna 10,99,2024-06-25,8290
comuna 15,46,2024-06-23,30602
comuna 14,91,2024-07-31,23020
comuna 5,36,2024-06-23,18325
comuna 16,42,2024-06-23,9847
comuna 15,73,2024-06-23,37394
comuna 10,81,2024-06-25,105
comuna 13,80,2024-06-23,19259
comuna 5,99,2024-06-25,21737
comuna 7,27,2024-06-25,8963
comuna 10,21,2024-01-30,20560
comuna 7,12,2024-06-25,4336
comuna 16,90,2024-06-25,25050
comuna 12,51,2024-07-31,46964
comuna 5,10,2024-06-23,41508
comuna 14,85,2024-06-25,25848
comuna 11,96,2024-01-30,16951
comuna 10,71,2024-01-30,23912
comuna 1,87,2024-07-31,36402
comuna 9,73,2024-06-23,2041
comuna 2,15,2024-06-23,2738
comuna 7,100,2024-06-25,9530
comuna 9,67,2024-06-25,36767
comuna 6,26,2024-06-25,35739
comuna 1,96,2024-07-31,16690
comuna 10,58,2024-01-30,24108
comuna 5,78,2024-06-25,6446
comuna 3comuna 4,37,2024-01-30,17677
comuna 11,80,2024-01-30,8878
comuna 8,68,2024-06-25,15064
comuna 7,69,2024-06-23,47733
comuna 5,43,2024-06-23,15716
comuna 10,90,2024-06-23,8415
comuna 1,56,2024-06-25,44735
comuna 13,20,2024-07-31,16912
comuna 14,59,2024-06-25,33718
comuna 14,15,2024-06-25,18807
comuna 9,11,2024-01-30,21503
comuna 7,79,2024-06-25,48247
comuna 11,52,2024-01-30,45510
comuna 9,28,2024-07-31,23412
comuna 13,56,2024-06-25,39354
comuna 5,58,2024-07-31,35035
comuna 16,63,2024-07-31,24320
comuna 14,99,2024-06-23,179
comuna 13,25,2024-07-31,27952
comuna 2,21,2024-07-31,36139
comuna 5,76,2024-06-25,14364
comuna 12,66,2024-01-30,22420
comuna 10,59,2024-06-25,2082
comuna 7,77,2024-06-23,43461
comuna 5,64,2024-06-23,1969
comuna 15,32,2024-01-30,28932
comuna 11,79,2024-06-23,666
comuna 15,88,2024-06-25,22532
comuna 9,95,2024-01-30,42876
comuna 15,65,2024-07-31,44531
comuna 12,76,2024-07-31,7432
comuna 12,34,2024-06-23,19688
comuna 14,46,2024-01-30,41708
comuna 13,39,2024-07-31,13833
comuna 9,47,2024-06-25,35867
comuna 8,33,2024-06-25,10212
comuna 10,27,2024-07-31,49995
comuna 11,90,2024-06-23,8267
comuna 12,45,2024-01-30,39397
comuna 7,18,2024-01-30,14844
comuna 16,27,2024-07-31,49514
comuna 1,25,2024-07-31,21855
comuna 9,70,2024-06-23,22881
comuna 16,67,2024-06-25,5174
comuna 1,44,2024-01-30,24888
comuna 10,95,2024-06-25,27005
comuna 2,36,2024-01-30,41876
comuna 6,12,2024-01-30,1315
comuna 14,49,2024-06-25,31681
comuna 9,17,2024-06-25,2627
comuna 12,18,2024-07-31,37650
comuna 2,52,2024-01-30,38889
comuna 12,22,2024-07-31,40452
comuna 15,91,2024-06-23,13
comuna 6,47,2024-07-31,12214
comuna 7,79,2024-06-25,49280
comuna 6,12,2024-01-30,16256
comuna 6,51,2024-06-25,988
comuna 1,76,2024-06-25,33314
comuna 16,57,2024-01-30,45051
comuna 1,22,2024-07-31,31279
comuna 8,66,2024-06-25,49818
comuna 1,30,2024-07-31,46026
comuna 3comuna 4,72,2024-01-30,18098
comuna 5,30,2024-06-23,38339
comuna 13,40,2024-06-23,27089
comuna 11,34,2024-01-30,25168
comuna 6,24,2024-07-31,28267
comuna 16,96,2024-01-30,28087
comuna 5,61,2024-07-31,31499
comuna 15,99,2024-07-31,22296
comuna 16,73,2024-06-23,33196
comuna 1,90,2024-06-25,12966
comuna 16,52,2024-06-25,49499
comuna 6,78,2024-06-25,13210
comuna 8,55,2024-06-25,21854
comuna 12,85,2024-06-25,25704
comuna 8,80,2024-01-30,20016
comuna 3comuna 4,95,2024-07-31,37254
comuna 12,86,2024-06-23,22446
comuna 5,63,2024-06-23,24563
comuna 10,26,2024-06-25,17780
comuna 10,68,2024-06-23,31362
comuna 14,84,2024-06-25,6545
comuna 12,75,2024-07-31,25623
comuna 11,31,2024-06-25,4785
comuna 13,47,2024-06-25,43098
comuna 3comuna 4,17,2024-06-23,7774
comuna 11,65,2024-06-23,34280
comuna 14,60,2024-01-30,22741
comuna 16,13,2024-06-25,11097
comuna 2,97,2024-06-25,18747
comuna 8,78,2024-07-31,20990
comuna 6,67,2024-06-25,39504
comuna 9,61,2024-06-23,49880
comuna 7,64,2024-06-25,45348
comuna 10,43,2024-01-30,16120
comuna 10,62,2024-01-30,48863
comuna 14,68,2024-06-23,27442
comuna 8,14,2024-07-31,21665
comuna 7,61,2024-06-23,36132
comuna 9,46,2024-01-30,20056
comuna 6,90,2024-07-31,8764
comuna 8,97,2024-07-31,2288
comuna 11,48,2024-07-31,3877
comuna 13,23,2024-01-30,5614
comuna 9,72,2024-01-30,10981
comuna 1,77,2024-06-25,39561
comuna 2,43,2024-01-30,16281
comuna 15,28,2024-06-23,23853
comuna 7,95,2024-07-31,22160
comuna 7,56,2024-01-30,42910
comuna 5,78,2024-06-25,35918
comuna 1,59,2024-06-25,21643
comuna 7,20,2024-06-23,38372
comuna 2,62,2024-01-30,42717
comuna 3comuna 4,43,2024-06-25,117
comuna 11,45,2024-06-25,43047
comuna 1,63,2024-07-31,8750
comuna 3comuna 4,58,2024-06-23,12577
comuna 11,51,2024-06-25,27949
comuna 5,64,2024-06-25,13728
comuna 3comuna 4,65,2024-06-25,43663
comuna 3comuna 4,31,2024-06-25,35116
comuna 2,47,2024-06-23,13381
comuna 9,29,2024-06-25,29868
comuna 14,44,2024-06-25,5819
comuna 3comuna 4,58,2024-07-31,25323
comuna 3comuna 4,86,2024-06-23,37436
comuna 16,82,2024-06-23,17535
comuna 13,37,2024-07-31,17155
comuna 12,98,2024-07-31,23715
comuna 2,54,2024-06-23,35384
comuna 9,62,2024-06-25,27735
comuna 12,47,2024-01-30,27519
comuna 2,52,2024-06-25,265
comuna 9,10,2024-06-23,48811
comuna 3comuna 4,57,2024-06-23,23649
comuna 8,46,2024-06-23,34906
comuna 5,51,2024-06-25,20644
comuna 2,16,2024-06-23,43280
comuna 16,59,2024-06-25,46309
comuna 13,78,2024-01-30,28116
comuna 7,54,2024-06-23,38076
comuna 9,86,2024-01-30,25982
comuna 15,87,2024-01-30,33642
comuna 14,79,2024-01-30,40116
comuna 14,55,2024-01-30,42080
comuna 9,55,2024-06-25,39886
comuna 6,44,2024-06-25,48425
comuna 10,95,2024-01-30,49526
comuna 10,79,2024-06-23,38065
comuna 3comuna 4,78,2024-06-25,36534
comuna 13,90,2024-06-23,46875
comuna 1,88,2024-06-25,35888
comuna 9,87,2024-07-31,15740
comuna 13,18,2024-06-23,27367
comuna 1,98,2024-06-23,46237
comuna 3comuna 4,64,2024-06-25,42898
comuna 14,40,2024-06-23,36638
comuna 1,84,2024-07-31,21601
comuna 14,10,2024-06-23,35060
comuna 14,65,2024-01-30,26092
comuna 11,91,2024-07-31,22611
comuna 16,76,2024-06-23,41623
comuna 16,19,2024-06-23,22689
comuna 14,39,2024-06-25,25107
comuna 6,27,2024-07-31,8991
comuna 5,66,2024-06-25,10106
comuna 9,20,2024-07-31,21088
comuna 10,80,2024-06-23,44403
comuna 9,91,2024-01-30,5226
comuna 5,10,2024-07-31,23350
comuna 6,50,2024-06-23,16861
comuna 6,74,2024-06-23,20921
comuna 2,40,2024-06-23,807
comuna 16,18,2024-06-25,40603
comuna 15,69,2024-07-31,49059
comuna 7,45,2024-06-23,37696
comuna 15,93,2024-07-31,975
comuna 15,16,2024-01-30,37397
comuna 11,99,2024-06-23,941
comuna 9,16,2024-06-23,876
comuna 14,28,2024-07-31,1496
comuna 12,99,2024-06-25,17564
comuna 7,34,2024-06-25,40804
comuna 9,77,2024-01-30,27159
comuna 12,18,2024-06-25,39039
comuna 2,97,2024-01-30,19105
comuna 12,96,2024-01-30,37536
comuna 14,70,2024-01-30,49177
comuna 10,19,2024-07-31,9682
comuna 6,65,2024-06-23,11248
comuna 14,38,2024-06-25,39734
comuna 7,70,2024-01-30,25703
comuna 9,13,2024-07-31,21609
comuna 9,50,2024-06-23,48642
comuna 7,51,2024-06-23,23627
comuna 9,97,2024-06-23,5266
comuna 11,60,2024-06-25,45571
comuna 2,51,2024-06-25,8387
comuna 8,57,2024-06-23,17338
comuna 6,26,2024-06-25,36448
comuna 7,79,2024-06-25,49820
comuna 13,56,2024-01-30,11399
comuna 9,68,2024-06-25,31599
comuna 14,64,2024-01-30,18778
comuna 13,61,2024-06-25,24302
comuna 5,38,2024-06-25,20625
comuna 13,43,2024-06-25,36063
comuna 7,41,2024-06-25,29877
comuna 13,27,2024-07-31,31295
comuna 2,48,2024-06-23,15646
comuna 7,28,2024-06-23,40036
comuna 14,47,2024-07-31,1298
comuna 9,97,2024-06-23,36293
comuna 11,53,2024-01-30,14320
comuna 11,37,2024-06-23,11856
comuna 13,53,2024-06-23,5814
comuna 8,60,2024-07-31,43013
comuna 2,19,2024-07-31,22471
comuna 5,88,2024-06-25,6633
comuna 7,16,2024-07-31,39500
comuna 14,87,2024-07-31,44257
comuna 2,95,2024-01-30,41770
comuna 8,35,2024-06-23,10149
comuna 3comuna 4,49,2024-01-30,43840
comuna 15,66,2024-06-25,45061
comuna 9,20,2024-06-23,37201
comuna 2,32,2024-07-31,20309
comuna 14,75,2024-06-23,41850
comuna 5,83,2024-01-30,19707
comuna 15,58,2024-07-31,1790
comuna 15,51,2024-06-25,23623
comuna 1,99,2024-07-31,48310
comuna 3comuna 4,97,2024-06-23,3820
comuna 6,36,2024-07-31,14423
comuna 3comuna 4,98,2024-01-30,11394
comuna 15,32,2024-01-30,17143
comuna 16,72,2024-07-31,41336
comuna 11,89,2024-06-23,19852
comuna 1,20,2024-01-30,21938
comuna 8,57,2024-07-31,18586
comuna 8,71,2024-01-30,8596
comuna 16,73,2024-07-31,7033
comuna 2,51,2024-07-31,13746
comuna 9,80,2024-06-23,4189
comuna 11,73,2024-06-25,2777
comuna 2,95,2024-06-23,29117
comuna 2,31,2024-01-30,42164
comuna 11,32,2024-07-31,24754
comuna 3comuna 4,71,2024-06-23,38034
comuna 5,13,2024-06-25,5811
comuna 11,72,2024-07-31,3229
comuna 11,44,2024-06-25,36144
comuna 1,21,2024-01-30,13724
comuna 1,20,2024-06-25,9920
comuna 2,77,2024-06-25,42690
comuna 7,91,2024-06-23,11553
comuna 9,73,2024-07-31,17114
comuna 5,73,2024-07-31,17336
comuna 16,77,2024-01-30,37132
comuna 2,48,2024-07-31,2429
comuna 5,32,2024-06-23,38940
comuna 12,52,2024-01-30,25997
comuna 14,70,2024-06-23,21925
comuna 8,96,2024-06-25,34138
comuna 1,88,2024-06-23,30041
comuna 10,50,2024-01-30,28877
comuna 5,27,2024-06-23,708
comuna 15,21,2024-01-30,5767
comuna 6,83,2024-01-30,48187
comuna 9,56,2024-07-31,16365
comuna 5,11,2024-01-30,30905
comuna 12,30,2024-07-31,2568
comuna 10,48,2024-01-30,16881
comuna 16,21,2024-06-23,22943
comuna 3comuna 4,99,2024-06-25,32570
comuna 14,86,2024-07-31,2853
comuna 6,57,2024-07-31,34699
comuna 14,45,2024-01-30,42401
comuna 14,52,2024-01-30,18629
comuna 15,93,2024-06-25,24110
comuna 5,67,2024-06-23,422
comuna 8,87,2024-01-30,15840
comuna 5,95,2024-06-25,32061
comuna 10,90,2024-06-23,6156
comuna 1,22,2024-01-30,25009
comuna 1,32,2024-01-30,7674
comuna 5,72,2024-06-23,16954
comuna 11,73,2024-07-31,610
comuna 14,15,2024-07-31,37697
comuna 1,44,2024-06-23,45832
comuna 9,13,2024-07-31,24301
comuna 1,63,2024-01-30,44419
comuna 7,85,2024-07-31,20005
comuna 13,88,2024-06-25,22931
comuna 3comuna 4,57,2024-06-23,32859
comuna 6,91,2024-06-23,9763
comuna 13,29,2024-06-23,20555
comuna 14,99,2024-06-23,7351
comuna 2,99,2024-01-30,30728
comuna 9,91,2024-07-31,49224
comuna 11,46,2024-06-25,23589
comuna 7,88,2024-06-23,46559
comuna 16,75,2024-06-23,32487
comuna 1,77,2024-06-25,31703
comuna 1,56,2024-06-25,23549
comuna 2,47,2024-07-31,41371
comuna 2,52,2024-06-25,33566
comuna 10,66,2024-06-25,34218
comuna 2,71,2024-01-30,28278
comuna 7,13,2024-01-30,6921
comuna 11,81,2024-01-30,20421
comuna 7,29,2024-06-23,43163
comuna 1,50,2024-01-30,48854
comuna 3comuna 4,72,2024-01-30,8685
comuna 13,30,2024-07-31,8037
comuna 13,81,2024-07-31,19227
comuna 10,13,2024-06-23,42579
comuna 16,86,2024-01-30,32315
comuna 1,27,2024-06-25,4763
comuna 5,79,2024-06-23,491
comuna 14,64,2024-06-23,48670
comuna 13,15,2024-06-25,9440
comuna 8,75,2024-06-25,16939
comuna 3comuna 4,41,2024-01-30,10042
comuna 5,73,2024-07-31,14928
comuna 2,20,2024-07-31,22208
comuna 15,93,2024-07-31,36359
comuna 3comuna 4,89,2024-01-30,40331
comuna 14,27,2024-06-23,16734
comuna 12,23,2024-06-23,14206
comuna 7,26,2024-06-23,40019
comuna 10,81,2024-07-31,34993
comuna 16,80,2024-07-31,8188
comuna 15,40,2024-06-23,30856
comuna 5,51,2024-07-31,45112
comuna 10,100,2024-06-23,22175
comuna 8,24,2024-06-23,30659
comuna 14,42,2024-07-31,42949
comuna 10,38,2024-01-30,17963
comuna 9,54,2024-06-25,18010
comuna 2,68,2024-06-25,18202
comuna 8,19,2024-07-31,45841
comuna 13,93,2024-06-25,49921
comuna 6,38,2024-06-23,25497
comuna 9,44,2024-01-30,32927
comuna 12,21,2024-06-25,19460
comuna 8,55,2024-07-31,33474
comuna 3comuna 4,12,2024-06-25,39758
comuna 8,15,2024-01-30,46368
comuna 10,96,2024-06-23,33988
comuna 11,55,2024-07-31,14039
comuna 12,66,2024-06-23,29623
comuna 14,93,2024-01-30,21313
comuna 13,13,2024-06-23,27559
comuna 9,64,2024-06-25,6191
comuna 5,51,2024-01-30,27919
comuna 12,69,2024-07-31,11373
comuna 13,75,2024-07-31,24236
comuna 15,91,2024-01-30,18768
comuna 9,96,2024-06-23,12943
comuna 15,65,2024-06-25,24458
comuna 15,47,2024-06-23,9409
comuna 1,28,2024-06-23,26657
comuna 15,41,2024-07-31,22559
comuna 14,63,2024-06-23,48344
comuna 15,70,2024-06-25,4652
comuna 13,26,2024-06-23,34509
comuna 10,29,2024-01-30,10493
comuna 12,51,2024-07-31,24943
comuna 1,100,2024-06-25,19545
comuna 16,28,2024-01-30,35602
comuna 14,72,2024-06-23,42444
comuna 8,76,2024-06-25,680
comuna 13,33,2024-01-30,20496
comuna 7,41,2024-01-30,9942
comuna 1,88,2024-06-25,33504
comuna 11,35,2024-06-23,33598
comuna 13,75,2024-07-31,41324
comuna 1,16,2024-07-31,44351
comuna 15,60,2024-07-31,47597
comuna 3comuna 4,24,2024-07-31,30722
comuna 12,43,2024-01-30,33154
comuna 12,25,2024-07-31,30352
comuna 7,39,2024-06-23,46877
comuna 5,22,2024-07-31,38198
comuna 11,24,2024-06-25,1377
comuna 14,78,2024-01-30,9122
comuna 6,95,2024-07-31,11761
comuna 6,56,2024-07-31,45945
comuna 6,12,2024-06-25,31606
comuna 7,52,2024-06-23,46743
comuna 7,66,2024-07-31,10039
comuna 5,95,2024-06-25,21256
comuna 6,11,2024-07-31,41980
comuna 8,58,2024-06-23,32859
comuna 8,97,2024-06-23,26100
comuna 14,13,2024-01-30,23034
comuna 1,91,2024-06-23,19878
comuna 15,13,2024-07-31,11132
comuna 16,62,2024-06-25,25227
comuna 16,88,2024-06-23,46000
comuna 2,71,2024-06-25,18434
comuna 2,90,2024-01-30,27811
comuna 3comuna 4,88,2024-01-30,10098
comuna 8,44,2024-01-30,14538
comuna 8,56,2024-07-31,33440
comuna 5,27,2024-07-31,38904
comuna 6,95,2024-06-23,18420
comuna 12,99,2024-07-31,39514
comuna 5,78,2024-06-23,26918
comuna 7,50,2024-01-30,36891
comuna 12,73,2024-01-30,16082
comuna 6,22,2024-06-23,41810
comuna 3comuna 4,72,2024-07-31,44422
comuna 13,62,2024-07-31,36889
comuna 15,10,2024-06-25,35624
comuna 1,91,2024-06-23,15522
comuna 12,27,2024-07-31,4177
comuna 9,82,2024-01-30,6053
comuna 7,66,2024-01-30,7866
comuna 13,16,2024-06-25,33589
comuna 3comuna 4,22,2024-06-23,23053
comuna 14,37,2024-07-31,4733
comuna 2,21,2024-06-25,45528
comuna 2,44,2024-07-31,34100
comuna 10,98,2024-07-31,1919
comuna 7,74,2024-06-25,33457
comuna 3comuna 4,50,2024-06-25,47223
comuna 8,63,2024-07-31,26567
comuna 13,26,2024-07-31,8026
comuna 11,78,2024-01-30,34792
comuna 2,62,2024-01-30,3117
comuna 12,28,2024-01-30,19691
comuna 13,72,2024-07-31,22088
comuna 8,74,2024-01-30,37639
comuna 13,40,2024-01-30,33790
comuna 2,80,2024-01-30,41201
comuna 9,83,2024-06-25,21952
comuna 9,84,2024-07-31,18143
comuna 12,87,2024-06-25,43932
comuna 16,64,2024-06-23,29077
comuna 16,12,2024-01-30,33858
comuna 11,57,2024-06-23,36107
comuna 6,58,2024-07-31,35494
comuna 5,91,2024-07-31,6284
comuna 15,95,2024-07-31,44847
comuna 8,98,2024-07-31,1326
comuna 12,61,2024-01-30,15571
comuna 13,57,2024-01-30,9694
comuna 7,30,2024-06-25,20902
comuna 12,85,2024-06-25,16333
comuna 14,64,2024-01-30,47345
comuna 7,61,2024-07-31,13738
comuna 16,41,2024-06-25,38068
comuna 3comuna 4,70,2024-01-30,22800
comuna 6,42,2024-07-31,16847
comuna 11,66,2024-06-23,46488
comuna 7,70,2024-06-25,42021
comuna 16,50,2024-06-23,2186
comuna 8,60,2024-06-23,32942
comuna 16,33,2024-07-31,42427
comuna 9,49,2024-06-25,13237
comuna 14,93,2024-07-31,3220
comuna 8,35,2024-06-25,39008
comuna 6,33,2024-01-30,7200
comuna 7,100,2024-07-31,36699
comuna 16,13,2024-06-23,15580
comuna 8,19,2024-06-23,32508
comuna 8,28,2024-07-31,39622
comuna 15,95,2024-06-23,39503
comuna 3comuna 4,54,2024-07-31,39255
comuna 13,41,2024-01-30,40506
comuna 6,24,2024-07-31,21570
comuna 14,12,2024-06-25,26169
comuna 8,16,2024-07-31,14283
comuna 1,46,2024-06-25,43592
comuna 5,45,2024-06-25,20275
comuna 5,82,2024-01-30,2255
comuna 3comuna 4,30,2024-01-30,21567
comuna 7,37,2024-01-30,38210
comuna 3comuna 4,20,2024-07-31,22913
comuna 8,93,2024-06-23,15585
comuna 11,41,2024-06-23,47639
comuna 1,69,2024-01-30,48724
comuna 8,46,2024-01-30,19126
comuna 2,27,2024-07-31,32181
comuna 12,71,2024-06-25,30397
comuna 10,25,2024-01-30,15159
comuna 9,11,2024-07-31,13421
comuna 2,52,2024-06-23,6168
comuna 7,21,2024-07-31,11477
comuna 14,45,2024-01-30,22237
comuna 2,79,2024-06-23,35350
comuna 13,98,2024-06-25,32087
comuna 3comuna 4,89,2024-06-25,41682
comuna 7,50,2024-01-30,14712
comuna 9,90,2024-01-30,20408
comuna 1,96,2024-06-25,28493
comuna 3comuna 4,47,2024-01-30,14020
comuna 3comuna 4,17,2024-06-25,45881
comuna 12,77,2024-07-31,43928
comuna 8,73,2024-06-23,33851
comuna 16,87,2024-06-23,25026
comuna 2,92,2024-01-30,28024
comuna 10,30,2024-01-30,49657
comuna 14,45,2024-06-25,20813
comuna 7,26,2024-01-30,49163
comuna 16,17,2024-06-25,16167
comuna 13,54,2024-07-31,27697
comuna 12,79,2024-06-25,41470
comuna 2,48,2024-07-31,24321
comuna 11,24,2024-06-25,4685
comuna 9,66,2024-01-30,25638
comuna 11,98,2024-07-31,942
comuna 14,56,2024-07-31,30695
comuna 6,13,2024-01-30,42347
comuna 1,41,2024-01-30,46256
comuna 5,40,2024-06-25,35498
comuna 2,35,2024-06-23,47767
comuna 13,73,2024-06-23,45840
comuna 6,65,2024-06-25,26655
comuna 5,63,2024-07-31,6435
comuna 2,88,2024-06-23,30624
comuna 7,54,2024-06-23,43909
comuna 1,11,2024-07-31,23347
comuna 7,84,2024-06-25,36146
comuna 14,13,2024-07-31,8072
comuna 11,38,2024-06-25,38773
comuna 12,44,2024-06-25,40690
comuna 8,50,2024-07-31,47501
comuna 8,61,2024-06-23,33990
comuna 3comuna 4,56,2024-01-30,19767
comuna 12,78,2024-06-25,19187
comuna 6,30,2024-07-31,9974
comuna 11,43,2024-06-25,28433
comuna 6,34,2024-07-31,26174
comuna 3comuna 4,94,2024-01-30,16741
comuna 9,89,2024-06-23,11571
comuna 15,99,2024-07-31,13100
comuna 11,46,2024-06-23,46939
comuna 13,92,2024-07-31,44445
comuna 11,90,2024-01-30,36806
comuna 1,55,2024-06-25,25690
comuna 3comuna 4,55,2024-06-25,36415
comuna 9,90,2024-06-25,9043
comuna 7,72,2024-01-30,9807
comuna 9,51,2024-07-31,25625
comuna 7,65,2024-06-23,28312
comuna 8,84,2024-07-31,37401
comuna 12,55,2024-01-30,30991
comuna 9,54,2024-06-23,30686
comuna 14,82,2024-06-25,36959
comuna 3comuna 4,13,2024-06-25,19661
comuna 6,39,2024-01-30,46541
comuna 14,63,2024-06-23,22377
comuna 16,90,2024-07-31,24763
comuna 8,10,2024-06-25,23866
comuna 3comuna 4,97,2024-06-23,31434
comuna 8,35,2024-06-25,11536
comuna 13,85,2024-01-30,17170
comuna 13,32,2024-06-23,44672
comuna 1,53,2024-06-25,36162
comuna 11,32,2024-06-23,44717
comuna 3comuna 4,95,2024-06-25,13791
comuna 5,24,2024-06-23,10306
comuna 1,81,2024-06-23,36106
comuna 13,34,2024-01-30,36166
comuna 10,59,2024-07-31,9675
comuna 1,80,2024-01-30,23265
comuna 13,52,2024-07-31,49466
comuna 16,41,2024-07-31,4854
comuna 16,91,2024-07-31,13149
comuna 9,65,2024-06-25,14545
comuna 5,81,2024-06-25,2553
comuna 11,19,2024-07-31,44527
comuna 11,17,2024-06-23,23328
comuna 5,16,2024-06-25,3221
comuna 3comuna 4,80,2024-06-23,32373
comuna 8,21,2024-01-30,46782
comuna 10,19,2024-06-25,47190
comuna 6,92,2024-06-23,4501
comuna 5,40,2024-06-25,21318
comuna 13,36,2024-07-31,11025
comuna 12,53,2024-07-31,473
comuna 12,91,2024-06-25,24304
comuna 13,58,2024-07-31,20537
comuna 14,70,2024-01-30,5580
comuna 3comuna 4,30,2024-06-25,49276
comuna 3comuna 4,37,2024-06-23,38154
comuna 1,48,2024-07-31,6843
comuna 5,70,2024-06-25,43711
comuna 2,13,2024-06-25,23358
comuna 12,41,2024-07-31,44292
comuna 3comuna 4,12,2024-01-30,35208
comuna 16,35,2024-07-31,31655
comuna 14,34,2024-07-31,34777
comuna 13,88,2024-01-30,33544
comuna 2,89,2024-07-31,16069
comuna 8,21,2024-06-25,34610
comuna 15,25,2024-07-31,33849
comuna 5,80,2024-06-23,5817
comuna 9,51,2024-07-31,38236
comuna 14,23,2024-01-30,40125
comuna 1,29,2024-06-25,9045
comuna 14,75,2024-01-30,10340
comuna 16,15,2024-07-31,4249
comuna 1,43,2024-07-31,24774
comuna 5,55,2024-06-23,12745
comuna 9,99,2024-01-30,47263
comuna 6,12,2024-06-25,2676
comuna 16,89,2024-06-25,4610
comuna 6,45,2024-06-23,17774
comuna 5,15,2024-06-25,14780
comuna 5,33,2024-07-31,36304
comuna 16,70,2024-07-31,30943
comuna 6,52,2024-07-31,20710
comuna 3comuna 4,74,2024-07-31,6845
comuna 7,54,2024-07-31,40016
comuna 5,36,2024-07-31,32371
comuna 15,34,2024-07-31,47275
comuna 12,44,2024-06-23,12476
comuna 15,53,2024-07-31,26405
comuna 13,91,2024-06-25,30135
comuna 7,69,2024-01-30,33516
comuna 11,93,2024-01-30,38404
comuna 16,11,2024-01-30,37671
comuna 15,60,2024-06-25,37998
comuna 2,88,2024-01-30,18951
comuna 1,59,2024-07-31,29979
comuna 9,64,2024-06-23,40581
comuna 13,78,2024-07-31,45440
comuna 14,96,2024-01-30,186
comuna 6,16,2024-07-31,31185
comuna 10,76,2024-07-31,27585
comuna 15,33,2024-06-23,36029
comuna 3comuna 4,30,2024-01-30,16435
comuna 14,86,2024-01-30,17336
comuna 15,79,2024-06-23,42678
comuna 14,88,2024-06-23,14143
comuna 14,14,2024-07-31,37964
comuna 6,75,2024-07-31,38679
comuna 16,60,2024-06-23,26163
comuna 15,94,2024-07-31,40655
comuna 1,23,2024-01-30,29210
comuna 2,53,2024-07-31,5138
comuna 13,67,2024-01-30,30135
comuna 8,26,2024-06-23,27428
comuna 6,18,2024-07-31,15664
comuna 2,16,2024-06-25,989
comuna 5,58,2024-06-25,21255
comuna 6,66,2024-06-23,23612
comuna 14,26,2024-06-25,15955
comuna 11,75,2024-07-31,17736
comuna 2,36,2024-07-31,25367
comuna 5,11,2024-06-23,16399
comuna 2,15,2024-06-25,35859
comuna 14,87,2024-06-25,43923
comuna 15,89,2024-06-25,11047
comuna 14,10,2024-07-31,15831
comuna 10,12,2024-01-30,42163
comuna 12,12,2024-06-23,44672
comuna 12,94,2024-01-30,24467
comuna 9,39,2024-06-25,46568
comuna 1,71,2024-07-31,21762
comuna 10,34,2024-06-25,21970
comuna 14,56,2024-06-23,27315
comuna 15,96,2024-06-25,46815
comuna 1,17,2024-01-30,30290
comuna 5,43,2024-06-23,10249
comuna 7,47,2024-06-23,13209
comuna 8,89,2024-06-25,9003
comuna 16,46,2024-01-30,48466
comuna 1,83,2024-07-31,33024
comuna 12,34,2024-01-30,14609
comuna 12,92,2024-01-30,30563
comuna 11,17,2024-01-30,11953
comuna 10,97,2024-06-23,29590
comuna 12,82,2024-01-30,19042
comuna 3comuna 4,65,2024-06-25,39656
comuna 13,100,2024-06-23,2278
comuna 10,61,2024-06-25,38435
comuna 16,85,2024-06-23,2778
comuna 13,22,2024-06-23,35646
comuna 13,88,2024-06-25,14003
comuna 11,100,2024-06-25,2475
comuna 13,57,2024-06-23,17973
comuna 5,96,2024-01-30,5727
comuna 11,100,2024-06-25,15025
comuna 10,92,2024-06-25,11065
comuna 15,62,2024-07-31,29170
comuna 14,75,2024-07-31,40342
comuna 15,78,2024-01-30,38121
comuna 10,95,2024-06-23,35065
comuna 16,70,2024-06-23,34267
comuna 13,61,2024-06-23,37437
comuna 5,62,2024-06-23,10077
comuna 10,59,2024-07-31,40102
comuna 1,40,2024-06-23,22638
comuna 5,84,2024-01-30,9567
comuna 5,67,2024-07-31,13874
comuna 14,63,2024-01-30,30648
comuna 8,67,2024-06-23,28645
comuna 11,12,2024-06-25,37921
comuna 7,54,2024-01-30,10817
comuna 15,93,2024-06-25,38313
comuna 15,84,2024-01-30,17298
comuna 9,15,2024-06-25,32507
comuna 2,12,2024-06-25,41283
comuna 3comuna 4,29,2024-01-30,41525
comuna 1,81,2024-07-31,13296
comuna 8,25,2024-06-23,42266
comuna 9,58,2024-01-30,30391
comuna 16,79,2024-06-25,36263
comuna 1,100,2024-01-30,17508
comuna 11,58,2024-01-30,14374
comuna 9,26,2024-06-23,9019
comuna 1,82,2024-01-30,20476
comuna 3comuna 4,60,2024-01-30,8947
comuna 6,89,2024-07-31,7567
comuna 9,13,2024-01-30,8419
comuna 13,84,2024-01-30,41272
comuna 10,25,2024-06-23,14594
comuna 11,45,2024-06-23,7189
comuna 7,25,2024-06-23,13660
comuna 7,51,2024-06-25,6824
comuna 12,27,2024-01-30,35762
comuna 12,89,2024-01-30,17711
comuna 7,63,2024-06-23,42329
comuna 14,36,2024-07-31,3369
comuna 6,77,2024-06-23,3840
comuna 6,61,2024-06-25,26695
comuna 12,44,2024-06-23,10047
comuna 8,40,2024-01-30,28369
comuna 3comuna 4,26,2024-06-25,26109
comuna 12,85,2024-06-25,8674
comuna 3comuna 4,42,2024-06-25,28392
comuna 12,98,2024-07-31,5119
comuna 8,10,2024-07-31,30532
comuna 6,88,2024-01-30,47999
comuna 7,11,2024-01-30,7651
comuna 15,61,2024-01-30,41168
comuna 12,27,2024-06-23,10259
comuna 8,26,2024-06-23,30744
comuna 10,19,2024-07-31,32078
comuna 11,97,2024-06-23,40483
comuna 5,66,2024-01-30,43269
comuna 13,92,2024-06-23,49617
comuna 11,10,2024-06-25,44965
comuna 10,94,2024-07-31,3755
comuna 1,77,2024-06-23,25835
comuna 7,55,2024-01-30,12105
comuna 13,100,2024-07-31,10026
comuna 11,79,2024-01-30,28319
comuna 5,93,2024-06-25,12322
comuna 10,27,2024-06-23,13555
comuna 3comuna 4,22,2024-06-25,10513
comuna 12,100,2024-06-25,19979
comuna 13,45,2024-01-30,33814
comuna 16,89,2024-01-30,33501
comuna 15,90,2024-06-23,35569
comuna 2,80,2024-06-23,12358
comuna 2,48,2024-01-30,2368
comuna 6,36,2024-06-23,18189
comuna 10,86,2024-06-23,32427
comuna 16,62,2024-07-31,12004
comuna 12,46,2024-06-25,37355
comuna 15,70,2024-07-31,34241
comuna 16,96,2024-06-23,6117
comuna 14,43,2024-07-31,18564
comuna 7,94,2024-06-23,15824
comuna 15,32,2024-06-25,22043
comuna 15,29,2024-01-30,34874
comuna 13,88,2024-07-31,33781
comuna 15,26,2024-07-31,44241
comuna 10,24,2024-06-25,12011
comuna 15,15,2024-01-30,13328
comuna 7,45,2024-06-23,43513
comuna 16,58,2024-07-31,13102
comuna 13,99,2024-06-25,19429
comuna 9,25,2024-06-25,40733
comuna 2,42,2024-06-25,29964
comuna 2,73,2024-01-30,5927
comuna 16,99,2024-06-25,16967
comuna 2,96,2024-01-30,44479
comuna 13,58,2024-01-30,38047
comuna 12,35,2024-01-30,46156
comuna 10,83,2024-06-23,27715
comuna 15,66,2024-06-23,27050
comuna 3comuna 4,44,2024-06-23,43728
comuna 13,48,2024-01-30,40247
comuna 7,94,2024-07-31,45628
comuna 10,74,2024-07-31,8238
comuna 2,84,2024-06-25,45290
comuna 8,75,2024-06-25,33848
comuna 13,18,2024-06-25,34559
comuna 2,10,2024-06-25,1974
comuna 2,79,2024-01-30,26361
comuna 14,89,2024-07-31,40553
comuna 3comuna 4,45,2024-07-31,48290
comuna 2,39,2024-06-25,27832
comuna 12,53,2024-06-23,22084
comuna 3comuna 4,26,2024-07-31,9818
comuna 6,35,2024-01-30,1445
comuna 13,14,2024-01-30,30942
comuna 8,34,2024-07-31,17415
comuna 12,60,2024-06-23,27007
comuna 16,99,2024-07-31,30851
comuna 5,27,2024-01-30,21020
comuna 6,58,2024-07-31,44115
comuna 14,22,2024-06-23,8730
comuna 11,58,2024-06-23,43682
comuna 15,26,2024-07-31,36523
comuna 8,30,2024-06-23,41821
comuna 16,77,2024-07-31,14012
comuna 5,64,2024-06-23,5676
comuna 10,48,2024-07-31,11007
comuna 3comuna 4,63,2024-07-31,22105
comuna 6,60,2024-07-31,17386
comuna 5,79,2024-06-23,19380
comuna 5,61,2024-07-31,30264
comuna 2,82,2024-06-25,26484
comuna 11,29,2024-06-25,28637
comuna 2,87,2024-01-30,47351
comuna 6,17,2024-01-30,8485
comuna 5,58,2024-06-25,11241
comuna 7,10,2024-01-30,25869
comuna 12,47,2024-01-30,2134
comuna 15,89,2024-06-25,10084
comuna 13,38,2024-06-25,21351
comuna 5,26,2024-06-25,2627
comuna 1,94,2024-06-23,2831
comuna 2,90,2024-01-30,27633
comuna 6,36,2024-07-31,49500
comuna 2,73,2024-01-30,6266
comuna 15,61,2024-06-23,18340
comuna 16,35,2024-06-23,16507
comuna 8,65,2024-01-30,26661
comuna 15,60,2024-06-25,46431
comuna 12,54,2024-07-31,14293
comuna 10,14,2024-07-31,44366
comuna 1,51,2024-01-30,24613
comuna 1,97,2024-06-25,37815
comuna 7,29,2024-07-31,16488
comuna 12,65,2024-06-25,3235
comuna 14,22,2024-06-23,32819
comuna 10,46,2024-01-30,10916
comuna 6,58,2024-06-25,21055
comuna 2,70,2024-06-25,707
comuna 3comuna 4,24,2024-07-31,108
comuna 2,47,2024-07-31,12771
comuna 5,100,2024-06-25,38187
comuna 12,94,2024-06-23,42831
comuna 1,78,2024-06-25,6933
comuna 10,32,2024-07-31,15341
comuna 1,78,2024-01-30,4205
comuna 11,71,2024-06-25,24072
comuna 6,68,2024-01-30,47766
comuna 7,60,2024-06-23,3282
comuna 11,27,2024-06-23,17546
comuna 10,15,2024-06-23,18752
comuna 15,59,2024-01-30,4893
comuna 8,19,2024-06-25,17406
comuna 14,42,2024-06-25,28168
comuna 5,11,2024-06-23,48248
comuna 9,94,2024-07-31,425
comuna 14,71,2024-01-30,35112
comuna 1,93,2024-01-30,44959
comuna 6,11,2024-06-25,40345
comuna 7,88,2024-07-31,14909
comuna 7,45,2024-01-30,34972
comuna 3comuna 4,89,2024-06-23,10030
comuna 1,29,2024-06-25,17934
comuna 15,94,2024-06-23,29681
comuna 1,29,2024-06-25,3672
comuna 12,83,2024-06-25,42444
comuna 15,19,2024-07-31,46135
comuna 8,92,2024-07-31,34736
comuna 5,11,2024-01-30,46395
comuna 7,71,2024-01-30,35869
comuna 1,37,2024-01-30,12464
comuna 2,76,2024-01-30,37025
comuna 14,51,2024-06-23,26392
comuna 3comuna 4,35,2024-07-31,19565
comuna 11,98,2024-06-25,47143
comuna 12,41,2024-01-30,15470
comuna 6,25,2024-06-23,26524
comuna 3comuna 4,19,2024-01-30,40181
comuna 1,26,2024-06-23,31856
comuna 5,92,2024-01-30,5340
comuna 2,10,2024-06-23,2617
comuna 16,33,2024-01-30,32769
comuna 16,67,2024-01-30,43574
comuna 6,40,2024-06-23,32338
comuna 11,55,2024-01-30,40618
comuna 8,69,2024-06-23,45138
comuna 5,18,2024-01-30,24552
comuna 8,64,2024-07-31,32807
comuna 13,70,2024-07-31,46356
comuna 14,34,2024-06-23,31184
comuna 14,12,2024-06-25,19329
comuna 13,41,2024-07-31,19457
comuna 13,55,2024-06-23,14535
comuna 9,89,2024-06-25,35236
comuna 1,77,2024-01-30,41592
comuna 10,68,2024-07-31,22026
comuna 13,48,2024-01-30,37204
comuna 1,50,2024-07-31,6258
comuna 5,21,2024-06-25,26831
comuna 12,82,2024-07-31,45711
comuna 16,57,2024-01-30,36197
comuna 1,91,2024-01-30,10468
comuna 12,93,2024-06-23,23651
comuna 15,77,2024-01-30,47039
comuna 9,15,2024-06-25,44295
comuna 11,59,2024-06-23,24607
comuna 1,52,2024-06-23,10448
comuna 11,65,2024-06-25,19971
comuna 14,59,2024-06-25,18779
comuna 13,61,2024-01-30,41386
comuna 6,85,2024-06-25,8793
comuna 16,27,2024-07-31,6160
comuna 16,14,2024-06-23,19785
comuna 3comuna 4,80,2024-06-23,29635
comuna 15,63,2024-06-23,29473
comuna 2,10,2024-07-31,13299
comuna 5,10,2024-01-30,35167
comuna 2,39,2024-01-30,8643
comuna 10,33,2024-06-23,13166
comuna 1,77,2024-06-25,29780
comuna 1,14,2024-01-30,34784
comuna 3comuna 4,90,2024-06-23,35757
comuna 7,20,2024-07-31,38731
comuna 2,63,2024-01-30,12362
comuna 12,73,2024-06-25,18554
comuna 12,13,2024-06-25,45054
comuna 13,20,2024-06-23,42488
comuna 11,98,2024-06-25,29071
comuna 3comuna 4,41,2024-07-31,24807
comuna 16,57,2024-07-31,28298
comuna 1,99,2024-01-30,2598
comuna 2,96,2024-06-25,458
comuna 1,86,2024-07-31,46229
comuna 3comuna 4,76,2024-01-30,26707
comuna 13,48,2024-06-23,41886
comuna 10,39,2024-06-23,24493
comuna 6,83,2024-06-25,25486
comuna 10,94,2024-06-23,4649
comuna 7,60,2024-01-30,33413
comuna 9,58,2024-06-23,9094
comuna 6,53,2024-01-30,19257
comuna 8,48,2024-01-30,16544
comuna 3comuna 4,81,2024-06-25,49053
comuna 10,29,2024-01-30,3114
comuna 15,16,2024-06-25,11290
comuna 12,67,2024-07-31,16777
comuna 15,81,2024-06-25,46014
comuna 7,25,2024-06-23,32738
comuna 15,15,2024-01-30,18038
comuna 3comuna 4,66,2024-06-25,7430
comuna 11,99,2024-01-30,32669
comuna 13,50,2024-06-23,44900
comuna 8,31,2024-07-31,21619
comuna 3comuna 4,31,2024-01-30,29306
comuna 3comuna 4,30,2024-01-30,42487
comuna 11,40,2024-06-23,46334
comuna 15,62,2024-06-25,35122
comuna 15,85,2024-07-31,25282
comuna 2,86,2024-06-23,49542
comuna 9,80,2024-01-30,24210
comuna 9,55,2024-06-23,28107
comuna 9,19,2024-01-30,35941
comuna 14,38,2024-01-30,41151
comuna 13,40,2024-06-25,39496
comuna 15,19,2024-06-23,7868
comuna 12,92,2024-06-25,22837
comuna 11,87,2024-01-30,8961
comuna 3comuna 4,35,2024-07-31,43911
comuna 10,44,2024-06-23,37448
comuna 7,38,2024-01-30,41762
comuna 7,31,2024-06-25,22477
comuna 2,24,2024-06-25,31877
comuna 9,13,2024-01-30,9471
comuna 13,38,2024-06-25,59
comuna 1,51,2024-06-25,36065
comuna 12,34,2024-06-25,18952
comuna 10,31,2024-06-25,32469
comuna 6,26,2024-01-30,5414
comuna 10,72,2024-06-25,41681
comuna 8,53,2024-01-30,12011
comuna 14,39,2024-06-25,27048
comuna 5,95,2024-06-23,9019
comuna 13,37,2024-01-30,13762
comuna 7,50,2024-07-31,21799
comuna 7,78,2024-06-23,47353
comuna 14,51,2024-06-23,99
comuna 16,53,2024-06-23,39593
comuna 1,71,2024-01-30,16958
comuna 11,13,2024-06-25,32884
comuna 11,51,2024-07-31,45808
comuna 10,62,2024-07-31,45977
comuna 13,24,2024-01-30,40479
comuna 2,42,2024-06-23,3728
comuna 3comuna 4,59,2024-01-30,12632
comuna 3comuna 4,58,2024-06-23,28805
comuna 10,68,2024-07-31,27564
comuna 6,28,2024-07-31,44236
comuna 3comuna 4,24,2024-07-31,19348
comuna 3comuna 4,10,2024-06-25,4447
comuna 8,69,2024-07-31,19557
comuna 6,22,2024-07-31,17731
comuna 3comuna 4,14,2024-06-23,25460
comuna 16,93,2024-06-25,43448
comuna 6,17,2024-06-23,12601
comuna 5,62,2024-06-25,45230
comuna 8,12,2024-06-23,33849
comuna 1,15,2024-06-23,18113
comuna 11,45,2024-06-23,47791
comuna 8,49,2024-07-31,7872
comuna 7,51,2024-01-30,29743
comuna 10,73,2024-06-23,21592
comuna 2,50,2024-06-25,22302
comuna 9,88,2024-07-31,20101
comuna 6,68,2024-01-30,8814
comuna 6,86,2024-06-23,3442
comuna 1,77,2024-06-23,9759
comuna 1,25,2024-06-23,25843
comuna 2,74,2024-07-31,44100
comuna 14,82,2024-07-31,21337
comuna 5,75,2024-07-31,35038
comuna 3comuna 4,59,2024-07-31,49973
comuna 14,55,2024-06-25,6281
comuna 1,83,2024-07-31,35685
comuna 7,93,2024-01-30,12735
comuna 5,40,2024-06-23,6138
comuna 8,65,2024-07-31,32276
comuna 9,28,2024-07-31,10795
comuna 6,90,2024-07-31,34791
comuna 7,32,2024-07-31,28957
comuna 10,56,2024-01-30,34644
comuna 1,57,2024-06-25,28028
comuna 10,75,2024-07-31,20227
comuna 9,86,2024-06-23,48474
comuna 16,19,2024-06-25,38671
comuna 13,76,2024-07-31,16210
comuna 15,59,2024-07-31,18878
comuna 14,48,2024-06-25,34375
comuna 2,95,2024-06-23,19836
comuna 9,93,2024-01-30,21564
comuna 6,79,2024-07-31,11634
comuna 14,73,2024-06-25,2531
comuna 16,41,2024-06-23,8245
comuna 5,91,2024-06-23,45039
comuna 16,25,2024-06-23,16011
comuna 12,71,2024-07-31,43929
comuna 7,96,2024-01-30,11998
comuna 15,80,2024-01-30,43694
comuna 11,38,2024-06-23,31523
comuna 1,31,2024-06-25,3203
comuna 6,91,2024-01-30,36238
comuna 3comuna 4,17,2024-07-31,40945
comuna 13,53,2024-07-31,1360
comuna 10,32,2024-06-23,4011
comuna 1,10,2024-07-31,47158
comuna 13,74,2024-07-31,39211
comuna 13,51,2024-01-30,7471
comuna 16,68,2024-07-31,13995
comuna 1,94,2024-07-31,36591
comuna 6,23,2024-01-30,14927
comuna 5,72,2024-06-25,46821
comuna 1,17,2024-01-30,4883
comuna 1,17,2024-07-31,38236
comuna 14,49,2024-01-30,43966
comuna 5,54,2024-01-30,18106
comuna 15,58,2024-06-23,44712
comuna 5,34,2024-06-23,3599
comuna 9,11,2024-06-23,13745
comuna 11,93,2024-06-23,20949
comuna 8,35,2024-06-25,28937
comuna 1,60,2024-06-25,34986
comuna 9,75,2024-01-30,22126
comuna 11,50,2024-06-25,22510
comuna 14,47,2024-01-30,15693
comuna 6,43,2024-07-31,21610
comuna 12,78,2024-06-25,45307
comuna 14,78,2024-06-25,30861
comuna 9,11,2024-06-25,45682
comuna 9,25,2024-06-23,98
comuna 1,78,2024-01-30,37396
comuna 13,16,2024-01-30,12532
comuna 7,50,2024-01-30,30300
comuna 11,86,2024-06-25,25570
comuna 9,50,2024-01-30,24248
comuna 15,63,2024-06-25,24128
comuna 16,53,2024-06-23,30036
comuna 3comuna 4,57,2024-01-30,21462
comuna 1,58,2024-07-31,42722
comuna 9,41,2024-07-31,37583
comuna 10,11,2024-06-23,12822
comuna 10,33,2024-07-31,44139
comuna 13,24,2024-06-25,35274
comuna 12,70,2024-06-23,8407
comuna 15,38,2024-01-30,39022
comuna 1,65,2024-06-25,44118
comuna 14,49,2024-06-25,27443
comuna 6,46,2024-06-25,2913
comuna 2,58,2024-06-23,47373
comuna 5,63,2024-06-25,32137
comuna 9,61,2024-01-30,41627
comuna 5,81,2024-06-25,39951
comuna 8,87,2024-07-31,18002
comuna 8,24,2024-06-23,43116
comuna 7,43,2024-01-30,23574
comuna 15,71,2024-01-30,19043
comuna 10,93,2024-06-25,31397
comuna 3comuna 4,96,2024-01-30,7611
comuna 12,85,2024-07-31,15239
comuna 15,31,2024-06-25,36811
comuna 2,37,2024-01-30,38287
comuna 15,15,2024-06-23,43852
comuna 16,93,2024-06-25,36501
comuna 8,68,2024-06-25,41255
comuna 14,72,2024-07-31,38608
comuna 12,46,2024-06-25,21271
comuna 5,43,2024-01-30,518
comuna 1,30,2024-01-30,18089
comuna 9,27,2024-06-25,29182
comuna 10,77,2024-06-23,3766
comuna 7,51,2024-07-31,40996
comuna 6,19,2024-06-23,15891
comuna 13,48,2024-07-31,45973
comuna 11,34,2024-06-23,14952
comuna 1,87,2024-01-30,16755
comuna 9,22,2024-07-31,10557
comuna 3comuna 4,19,2024-06-23,9302
comuna 10,64,2024-07-31,32700
comuna 3comuna 4,65,2024-06-25,44547
comuna 7,90,2024-01-30,6929
comuna 12,60,2024-06-23,44074
comuna 3comuna 4,59,2024-06-23,39544
comuna 10,97,2024-06-23,37225
comuna 9,44,2024-01-30,20327
comuna 8,34,2024-06-23,31292
comuna 8,14,2024-06-23,27139
comuna 7,46,2024-06-23,16149
comuna 10,100,2024-06-25,33746
comuna 5,40,2024-07-31,44217
comuna 3comuna 4,22,2024-06-25,5893
comuna 11,41,2024-01-30,11354
comuna 11,86,2024-06-25,36661
comuna 15,46,2024-06-25,30544
comuna 12,33,2024-07-31,43287
comuna 1,61,2024-07-31,20668
comuna 10,85,2024-01-30,20898
comuna 12,74,2024-06-25,9788
comuna 8,82,2024-07-31,39855
comuna 15,96,2024-06-23,16348
comuna 13,76,2024-07-31,17763
comuna 16,85,2024-06-25,47193
comuna 10,67,2024-06-25,46924
comuna 16,14,2024-06-25,33071
comuna 16,10,2024-06-25,34776
comuna 11,71,2024-07-31,3036
comuna 2,86,2024-07-31,49769
comuna 14,54,2024-06-23,18517
comuna 12,73,2024-06-25,17364
comuna 7,93,2024-07-31,41001
comuna 16,45,2024-06-23,40912
comuna 3comuna 4,11,2024-06-25,3582
comuna 6,17,2024-07-31,12487
comuna 14,25,2024-06-25,10587
comuna 7,54,2024-01-30,34792
comuna 8,19,2024-06-25,2262
comuna 8,30,2024-01-30,4713
comuna 7,42,2024-01-30,49275
comuna 3comuna 4,46,2024-06-25,15542
comuna 8,99,2024-06-25,25293
comuna 3comuna 4,14,2024-01-30,39340
comuna 10,18,2024-06-25,43755
comuna 11,75,2024-07-31,12553
comuna 1,96,2024-06-25,29857
comuna 13,47,2024-06-25,44581
comuna 16,71,2024-06-25,47652
comuna 12,19,2024-06-25,30334
comuna 7,73,2024-01-30,38922
comuna 10,15,2024-06-25,19984
comuna 11,85,2024-07-31,25806
comuna 5,96,2024-06-23,29766
comuna 10,14,2024-07-31,32617
comuna 10,88,2024-01-30,43490
comuna 9,59,2024-07-31,38314
comuna 7,30,2024-06-25,7263
comuna 2,71,2024-06-25,2660
comuna 9,59,2024-07-31,15259
comuna 11,92,2024-06-25,6110
comuna 8,40,2024-01-30,44549
comuna 2,89,2024-07-31,9398
comuna 8,73,2024-06-25,30994
comuna 9,81,2024-01-30,11470
comuna 6,46,2024-06-23,41987
comuna 9,72,2024-06-25,10022
comuna 15,96,2024-01-30,47665
comuna 15,73,2024-06-23,21601
comuna 12,80,2024-01-30,13955
comuna 13,53,2024-06-25,45639
comuna 9,79,2024-01-30,37752
comuna 9,13,2024-07-31,16928
comuna 5,78,2024-01-30,2679
comuna 11,29,2024-06-23,24720
comuna 2,44,2024-01-30,37455
comuna 12,62,2024-06-25,33878
comuna 6,76,2024-01-30,33484
comuna 5,49,2024-07-31,30434
comuna 11,26,2024-06-25,40977
comuna 6,14,2024-06-23,5484
comuna 3comuna 4,61,2024-06-25,32578
comuna 16,82,2024-01-30,9126
comuna 1,29,2024-06-23,16869
comuna 13,64,2024-06-23,9444
comuna 7,43,2024-07-31,23745
comuna 6,21,2024-06-23,27894
comuna 8,89,2024-06-23,29109
comuna 10,20,2024-06-23,6989
comuna 15,46,2024-06-25,35960
comuna 16,93,2024-07-31,45162
comuna 10,11,2024-07-31,1210
comuna 2,90,2024-07-31,26987
comuna 9,88,2024-01-30,16037
comuna 10,45,2024-07-31,14118
comuna 15,69,2024-07-31,37728
comuna 1,61,2024-07-31,18206
comuna 3comuna 4,22,2024-01-30,35379
comuna 14,63,2024-06-25,45341
comuna 10,17,2024-07-31,21371
comuna 9,46,2024-01-30,10307
comuna 14,28,2024-01-30,27914
comuna 8,52,2024-07-31,16755
comuna 12,60,2024-01-30,40804
comuna 14,35,2024-07-31,35555
comuna 13,45,2024-01-30,8596
comuna 1,71,2024-07-31,18550
comuna 1,43,2024-06-23,39736
comuna 10,14,2024-07-31,18659
comuna 12,92,2024-07-31,38127
comuna 9,68,2024-06-25,19176
comuna 13,17,2024-06-23,27440
comuna 12,12,2024-01-30,34631
comuna 8,26,2024-06-25,46529
comuna 12,11,2024-07-31,38244
comuna 8,70,2024-06-25,26807
comuna 11,77,2024-01-30,11946
comuna 5,41,2024-06-23,33823
comuna 13,44,2024-06-25,33457
comuna 11,87,2024-07-31,19543
comuna 1,31,2024-06-23,46021
comuna 3comuna 4,31,2024-07-31,25843
comuna 14,43,2024-06-23,39041
comuna 2,71,2024-06-25,37083
comuna 15,20,2024-06-25,40258
comuna 14,26,2024-06-25,40378
comuna 10,60,2024-01-30,18123
comuna 11,53,2024-06-23,44236
comuna 7,83,2024-06-25,13713
comuna 3comuna 4,13,2024-07-31,49382
comuna 3comuna 4,51,2024-06-23,19087
comuna 1,11,2024-01-30,31498
comuna 16,51,2024-06-23,30814
comuna 13,53,2024-06-25,29186
comuna 16,10,2024-06-23,39718
comuna 14,52,2024-06-23,49052
comuna 11,35,2024-07-31,36434
comuna 16,70,2024-01-30,8616
comuna 7,26,2024-06-23,38009
comuna 14,15,2024-07-31,18775
comuna 16,16,2024-06-25,43019
comuna 9,56,2024-06-25,5334
comuna 2,40,2024-07-31,27992
comuna 13,77,2024-06-25,13721
comuna 1,63,2024-01-30,16436
comuna 12,88,2024-06-23,20843
comuna 14,40,2024-07-31,5007
comuna 5,27,2024-07-31,38243
comuna 9,67,2024-06-25,4215
comuna 10,68,2024-06-23,14007
comuna 1,60,2024-07-31,15624
comuna 6,17,2024-06-23,30141
comuna 16,42,2024-01-30,26117
comuna 8,56,2024-06-25,29757
comuna 15,25,2024-07-31,21218
comuna 1,65,2024-07-31,16152
comuna 13,28,2024-06-23,34474
comuna 16,93,2024-01-30,26904
comuna 6,11,2024-06-23,36751
comuna 15,56,2024-01-30,44963
comuna 5,96,2024-07-31,17407
comuna 12,24,2024-06-23,30848
comuna 8,54,2024-01-30,31764
comuna 12,46,2024-07-31,9713
comuna 3comuna 4,81,2024-06-23,15518
comuna 7,55,2024-06-25,13934
comuna 13,96,2024-01-30,47478
comuna 1,86,2024-07-31,19045
comuna 7,43,2024-06-23,7036
comuna 12,79,2024-06-23,37865
comuna 10,29,2024-07-31,27241
comuna 8,67,2024-06-25,12333
comuna 3comuna 4,98,2024-06-23,45161
comuna 2,77,2024-07-31,7557
comuna 16,90,2024-06-25,29994
comuna 8,28,2024-06-25,39144
comuna 10,79,2024-07-31,11531
comuna 10,15,2024-06-23,11368
comuna 13,33,2024-07-31,35440
comuna 10,99,2024-06-23,38878
comuna 14,62,2024-06-25,11608
comuna 3comuna 4,20,2024-06-23,447
comuna 11,61,2024-06-23,2765
comuna 2,98,2024-07-31,28128
comuna 14,28,2024-06-25,23367
comuna 5,72,2024-01-30,41123
comuna 10,46,2024-06-23,20278
comuna 5,72,2024-06-23,45961
comuna 9,93,2024-06-23,19194
comuna 12,87,2024-01-30,35527
comuna 12,34,2024-06-23,17364
comuna 16,41,2024-01-30,12569
comuna 14,98,2024-06-23,44927
comuna 5,11,2024-06-23,46497
comuna 1,32,2024-01-30,22390
comuna 13,65,2024-01-30,20993
comuna 3comuna 4,78,2024-01-30,31468
comuna 12,100,2024-01-30,11416
comuna 8,12,2024-07-31,10358
comuna 15,47,2024-07-31,14218
comuna 15,81,2024-06-23,46378
comuna 11,23,2024-06-23,1440
comuna 13,46,2024-01-30,24123
comuna 13,78,2024-07-31,42240
comuna 12,55,2024-06-25,7662
comuna 16,74,2024-06-23,14506
comuna 15,67,2024-06-23,48252
comuna 16,95,2024-07-31,15285
comuna 10,73,2024-06-23,15485
comuna 8,51,2024-07-31,41170
comuna 16,60,2024-06-23,6447
comuna 8,23,2024-06-23,8903
comuna 1,68,2024-06-23,3820
comuna 5,88,2024-07-31,29308
comuna 5,50,2024-06-25,14715
comuna 14,61,2024-01-30,37938
comuna 1,48,2024-06-25,1933
comuna 5,17,2024-07-31,395
comuna 10,76,2024-06-23,33392
comuna 14,49,2024-01-30,9458
comuna 1,86,2024-06-25,8924
comuna 10,92,2024-06-25,10283
comuna 1,28,2024-01-30,18119
comuna 3comuna 4,96,2024-01-30,8194
comuna 8,42,2024-06-25,15917
comuna 5,81,2024-07-31,20654
comuna 16,70,2024-07-31,24565
comuna 5,97,2024-01-30,39337
comuna 12,27,2024-07-31,5550
comuna 10,50,2024-01-30,26736
comuna 9,60,2024-01-30,32707
comuna 6,49,2024-06-25,49303
comuna 2,69,2024-06-23,32238
comuna 1,45,2024-01-30,23988
comuna 14,69,2024-06-23,25249
comuna 3comuna 4,10,2024-01-30,24799
comuna 11,95,2024-06-23,28759
comuna 13,73,2024-06-23,1290
comuna 15,86,2024-06-25,36212
comuna 1,16,2024-01-30,23493
comuna 5,67,2024-01-30,26565
comuna 2,46,2024-01-30,44712
comuna 15,79,2024-07-31,18389
comuna 16,71,2024-01-30,48301
comuna 8,45,2024-06-25,40749
comuna 15,17,2024-07-31,21454
comuna 12,94,2024-01-30,25397
comuna 1,40,2024-01-30,6754
comuna 2,72,2024-06-25,46720
comuna 3comuna 4,11,2024-01-30,18505
comuna 13,86,2024-07-31,45465
comuna 11,40,2024-06-23,20767
comuna 3comuna 4,43,2024-06-25,36457
comuna 15,94,2024-07-31,25456
comuna 3comuna 4,17,2024-01-30,13491
comuna 8,67,2024-01-30,28501
comuna 11,35,2024-01-30,30055
comuna 9,57,2024-06-23,4811
comuna 1,95,2024-01-30,6872
comuna 15,41,2024-06-25,2096
comuna 3comuna 4,89,2024-06-23,5585
comuna 5,46,2024-06-25,38090
comuna 1,84,2024-07-31,48748
comuna 5,91,2024-06-25,7444
comuna 16,55,2024-01-30,28814
comuna 2,35,2024-01-30,38830
comuna 8,83,2024-06-25,37556
comuna 14,64,2024-06-23,36208
comuna 13,71,2024-06-25,16560
comuna 11,57,2024-07-31,42318
comuna 5,39,2024-06-23,987
comuna 12,25,2024-07-31,34859
comuna 1,62,2024-06-23,41365
comuna 11,32,2024-01-30,49813
comuna 6,23,2024-01-30,15757
comuna 1,60,2024-01-30,16483
comuna 12,19,2024-06-25,22289
comuna 15,71,2024-07-31,16855
comuna 3comuna 4,48,2024-06-23,24832
comuna 14,30,2024-06-25,40044
comuna 5,28,2024-06-25,46276
comuna 1,100,2024-01-30,38555
comuna 5,45,2024-07-31,35064
comuna 2,56,2024-01-30,9475
comuna 13,85,2024-01-30,39974
comuna 1,86,2024-06-23,31586
comuna 13,99,2024-06-23,28731
comuna 16,88,2024-07-31,6585
comuna 13,49,2024-06-25,18433
comuna 12,99,2024-07-31,17071
comuna 13,65,2024-06-25,23920
comuna 8,95,2024-06-25,45125
comuna 12,52,2024-07-31,11071
comuna 15,95,2024-06-23,36304
comuna 14,28,2024-06-23,6856
comuna 13,19,2024-06-25,21941
comuna 1,19,2024-06-25,7589
comuna 9,38,2024-01-30,28380
comuna 8,19,2024-07-31,27892
comuna 16,59,2024-06-25,1478
comuna 12,81,2024-06-25,585
comuna 6,54,2024-01-30,17847
comuna 16,26,2024-06-23,7770
comuna 3comuna 4,88,2024-06-25,5347
comuna 16,80,2024-06-25,31326
comuna 3comuna 4,75,2024-01-30,48328
comuna 9,27,2024-06-23,19368
comuna 5,92,2024-07-31,43249
comuna 3comuna 4,15,2024-06-25,39626
comuna 15,65,2024-06-23,22972
comuna 13,80,2024-07-31,17440
comuna 7,75,2024-01-30,28285
comuna 5,16,2024-06-23,29110
comuna 14,40,2024-06-23,33707
comuna 15,81,2024-06-25,31512
comuna 7,47,2024-01-30,43768
comuna 8,81,2024-06-25,26426
comuna 2,57,2024-06-23,7761
comuna 9,55,2024-06-23,17671
comuna 10,20,2024-06-25,30332
comuna 9,41,2024-07-31,37828
comuna 12,80,2024-06-23,810
comuna 13,38,2024-07-31,10249
comuna 7,88,2024-07-31,36486
comuna 6,59,2024-06-23,38137
comuna 3comuna 4,41,2024-07-31,29866
comuna 14,81,2024-06-25,11523
comuna 6,83,2024-06-25,24171
comuna 14,45,2024-06-25,17054
comuna 5,72,2024-01-30,13600
comuna 6,51,2024-01-30,29912
comuna 2,41,2024-07-31,49400
comuna 13,57,2024-06-25,19230
comuna 3comuna 4,36,2024-01-30,33398
comuna 2,61,2024-01-30,6048
comuna 3comuna 4,93,2024-01-30,39172
comuna 9,73,2024-07-31,32470
comuna 14,33,2024-01-30,27868
comuna 2,68,2024-06-23,17321
comuna 2,94,2024-06-23,22704
comuna 12,15,2024-06-23,25730
comuna 10,22,2024-06-25,72
comuna 14,32,2024-01-30,8664
comuna 7,86,2024-06-25,17465
comuna 5,21,2024-06-23,4004
comuna 9,41,2024-07-31,28443
comuna 6,43,2024-06-25,39322
comuna 8,33,2024-01-30,17700
comuna 2,15,2024-01-30,10935
comuna 15,97,2024-06-23,14091
comuna 9,96,2024-06-23,48521
comuna 11,63,2024-06-23,5721
